name,draft_year,draft_position,draft_age,height,weight,wingspan,pts,reb,ast,stl,blk,pf,to,g,mp,max_vertical,lane_agility,shuttle,3/4_sprint,standing_reach,fg%,3p%,3pa_rate,fta_rate,ft%,effective_fg%,true_shooting_%,usg%,ast/usg,ast/to,per,ortg,drtg,obpm,dbpm,bpm,ows/40,dws/40,ws/40,proj_nba_3p%,peak_darko,fgm,fga,3pm,3pa,ftm,fta,team_Mid-Major,team_Other,team_Power_6,Freshman,Sophomore,Junior,Senior,Other,predicted_peak_darko,prediction_lower_80pct,prediction_upper_80pct,prediction_lower_95pct,prediction_upper_95pct
Cooper Flagg,2025,1,18.5,81.0,221,84.0,22.5,8.8,4.9,1.6,1.6,2.2,2.5,37.0,36.0,35.5,10.64,2.92,3.3,106.5,0.481,0.385,0.272,0.429,0.84,0.533,0.593,30.9,0.87,2.0,30.4,126.3,89.5,9.7,6.7,16.3,0.18,0.116,0.296,0.367,,7.6,15.8,1.6,4.3,5.7,6.8,0,0,1,1,0,0,0,0,2.2903117891826192,0.12762378918261907,4.45299978918262,-1.0213042108173807,5.60192778918262
Dylan Harper,2025,2,19.3,77.75,213,82.5,21.5,5.1,4.5,1.6,0.6,2.1,2.7,29.0,36.0,36.5,11.07,3.05,3.16,102.0,0.484,0.333,0.374,0.419,0.75,0.546,0.587,29.0,0.93,1.67,24.6,118.1,110.1,7.0,2.1,9.2,0.127,0.038,0.165,0.357,,7.4,15.3,1.9,5.7,4.8,6.4,0,0,1,1,0,0,0,0,0.3798783572664195,-1.7828096427335807,2.54256635726642,-2.93173764273358,3.6914943572664196
V.J. Edgecombe,2025,3,19.89,77.25,193,79.5,16.5,6.2,3.5,2.3,0.7,2.8,2.1,33.0,36.0,38.5,11.27,2.93,3.2,101.5,0.436,0.34,0.402,0.373,0.782,0.504,0.552,24.1,0.8,1.66,22.1,119.1,102.5,7.1,4.3,11.4,0.111,0.067,0.178,0.359,,5.5,12.7,1.7,5.1,3.7,4.7,0,0,1,1,0,0,0,0,0.987514675939609,-1.1751733240603912,3.1502026759396093,-2.3241013240603907,4.299130675939609
Kon Knueppel,2025,4,19.88,78.25,219,78.25,17.0,4.7,3.2,1.2,0.2,2.5,1.6,39.0,36.0,,,,,101.5,0.479,0.406,0.548,0.339,0.914,0.59,0.642,21.4,0.73,2.02,21.3,133.7,98.8,6.9,3.9,10.8,0.151,0.081,0.232,0.392,,5.5,11.4,2.5,6.3,3.5,3.9,0,0,1,1,0,0,0,0,1.1633657558857078,-0.9993222441142924,3.3260537558857077,-2.1482502441142923,4.4749817558857075
Ace Bailey,2025,5,18.85,80.75,203,84.5,19.0,7.7,1.4,1.1,1.4,3.0,2.2,30.0,36.0,34.5,10.97,2.78,3.12,107.0,0.46,0.346,0.308,0.243,0.692,0.514,0.536,27.5,0.3,0.62,19.9,108.2,109.1,3.7,0.8,4.5,0.068,0.044,0.112,0.346,,7.3,15.9,1.7,4.9,2.7,3.9,0,0,1,1,0,0,0,0,-1.1360439261407962,-3.298731926140796,1.026644073859204,-4.447659926140796,2.175572073859204
Tre Johnson,2025,6,19.29,78.0,190,82.25,20.7,3.2,2.8,1.0,0.3,2.2,1.9,33.0,36.0,37.5,10.49,3.11,3.28,101.0,0.427,0.397,0.427,0.265,0.871,0.511,0.557,29.1,0.57,1.5,19.7,115.1,109.9,6.5,1.2,7.7,0.105,0.038,0.147,0.39,,7.0,16.5,2.8,7.0,3.8,4.4,0,0,1,1,0,0,0,0,-0.8099875957261458,-2.972675595726146,1.3527004042738544,-4.121603595726146,2.501628404273854
Jeremiah Fears,2025,7,18.68,75.75,180,77.25,20.4,4.9,4.9,2.0,0.1,2.2,4.1,34.0,36.0,36.5,10.95,3.09,3.05,98.5,0.434,0.284,0.323,0.518,0.851,0.48,0.562,31.5,0.91,1.21,20.7,108.2,107.5,4.2,1.7,5.9,0.082,0.047,0.132,0.36,,6.3,14.5,1.3,4.7,6.4,7.5,0,0,1,1,0,0,0,0,-0.16427479102321524,-2.3269627910232153,1.998413208976785,-3.475890791023215,3.1473412089767847
Egor Demin,2025,8,19.3,81.5,199,82.25,13.9,5.1,7.1,1.5,0.5,1.6,3.8,33.0,36.0,32.0,11.31,2.93,3.33,105.5,0.412,0.273,0.503,0.268,0.695,0.48,0.509,24.5,1.41,1.86,15.6,103.9,105.6,3.1,2.2,5.3,0.048,0.057,0.101,0.344,,5.0,12.1,1.7,6.1,2.3,3.3,1,0,0,1,0,0,0,0,-1.2520880085028678,-3.414776008502868,0.9105999914971323,-4.563704008502867,2.059527991497132
Collin Murray-Boyles,2025,9,20.03,79.75,239,84.75,19.8,9.7,2.8,1.7,1.6,3.0,2.9,32.0,36.0,34.5,11.21,2.86,3.15,106.0,0.586,0.265,0.101,0.556,0.707,0.599,0.63,26.7,0.79,0.99,27.8,119.6,100.4,6.9,5.0,11.9,0.127,0.073,0.2,0.321,,7.3,12.4,0.3,1.2,4.9,6.9,0,0,1,0,1,0,0,0,1.0898590484095776,-1.0728289515904226,3.2525470484095775,-2.2217569515904225,4.401475048409577
Khaman Maluach,2025,10,18.76,86.0,253,90.75,14.6,11.2,0.9,0.3,2.2,3.5,1.3,39.0,36.0,30.0,12.05,3.44,3.5,114.0,0.712,0.25,0.084,0.403,0.766,0.723,0.736,16.1,0.27,0.67,25.5,147.3,94.3,6.2,3.6,9.9,0.164,0.097,0.261,0.325,,5.9,8.3,0.2,0.7,2.6,3.3,0,0,1,1,0,0,0,0,0.8733427792236135,-1.2893452207763867,3.036030779223614,-2.438273220776386,4.184958779223614
Cedric Coward,2025,11,21.77,78.5,213,86.25,19.3,7.6,4.0,0.9,1.8,2.9,2.4,6.0,36.0,38.5,10.97,3.02,3.06,106.0,0.557,0.4,0.492,0.508,0.839,0.656,0.7,22.1,0.94,1.69,26.0,135.2,108.9,7.0,2.2,9.3,0.162,0.04,0.202,0.375,,6.2,11.1,2.2,5.5,4.7,5.6,0,0,1,0,0,0,1,0,-0.07115637236879624,-2.2338443723687966,2.0915316276312037,-3.3827723723687964,3.2404596276312034
Noa Essengue,2025,12,18.5,81.0,194,,16.9,7.8,1.8,1.4,0.8,4.2,1.7,60.0,36.0,,,,,,0.521,0.276,0.329,0.751,0.707,0.566,0.613,19.4,0.44,1.08,18.4,125.9,107.3,,,,,,,0.332,,5.3,10.2,0.9,3.3,5.4,7.6,0,1,0,0,0,0,0,1,0.17806417308963718,-1.9846238269103629,2.3407521730896375,-3.1335518269103626,3.489680173089637
Derik Queen,2025,13,20.48,82.5,248,84.5,19.6,10.6,2.2,1.3,1.3,2.5,2.8,36.0,36.0,28.0,12.45,3.27,3.52,109.5,0.526,0.2,0.088,0.546,0.766,0.535,0.591,26.6,0.44,0.79,24.7,117.0,92.4,5.1,4.2,9.2,0.113,0.102,0.216,0.324,,6.9,13.1,0.2,1.2,5.5,7.2,0,0,1,1,0,0,0,0,-0.36558326094729593,-2.528271260947296,1.7971047390527042,-3.6771992609472957,2.946032739052704
Carter Bryant,2025,14,19.56,79.75,215,83.75,12.2,7.7,1.8,1.8,1.9,4.3,1.9,37.0,36.0,39.5,11.25,3.14,3.07,106.0,0.46,0.371,0.597,0.335,0.695,0.571,0.593,16.4,0.51,0.97,16.6,116.5,100.1,3.5,5.3,8.8,0.067,0.078,0.14,0.352,,4.1,8.9,2.0,5.3,2.1,3.0,0,0,1,1,0,0,0,0,-0.5760770389282216,-2.738765038928222,1.5866109610717785,-3.8876930389282216,2.735538961071778
Thomas Sorber,2025,15,19.48,82.5,263,90.0,16.7,9.7,2.8,1.7,2.3,2.5,2.6,24.0,36.0,,,,,109.0,0.532,0.162,0.148,0.42,0.724,0.544,0.58,23.6,0.66,1.07,24.7,114.7,96.7,4.1,4.4,8.5,0.09,0.09,0.181,0.318,,6.4,12.0,0.3,1.8,3.6,5.0,0,0,1,1,0,0,0,0,0.8334334184760233,-1.329254581523977,2.996121418476023,-2.478182581523977,4.145049418476023
Hansen Yang,2025,16,19.98,86.25,253,86.75,17.6,11.0,3.1,1.0,3.0,3.4,3.4,53.0,36.0,30.0,11.79,3.01,3.38,111.0,0.595,0.286,0.099,0.446,0.677,0.609,0.627,21.4,0.65,0.91,20.2,115.0,103.9,,,,,,,0.318,,6.9,11.6,0.3,1.2,3.5,5.2,0,1,0,0,0,0,0,1,0.005889980401756171,-2.156798019598244,2.168577980401756,-3.305726019598244,3.317505980401756
Joan Beringer,2025,17,18.61,82.0,230,,10.4,9.4,0.9,1.0,2.7,4.5,1.3,64.0,36.0,,,,,,0.644,0.0,0.005,0.516,0.566,0.644,0.634,12.3,0.34,0.7,16.2,125.6,103.4,,,,,,,0.299,,4.2,6.6,0.0,0.0,1.9,3.4,0,1,0,0,0,0,0,1,-0.2374139004593229,-2.400101900459323,1.9252740995406772,-3.5490299004593227,3.074202099540677
Walter Clayton Jr.,2025,18,22.29,75.25,199,76.0,20.2,4.1,4.6,1.3,0.6,2.1,2.7,39.0,36.0,37.0,10.52,2.81,3.14,97.5,0.448,0.386,0.578,0.275,0.875,0.56,0.602,25.6,0.91,1.73,21.6,124.4,102.4,7.8,3.4,11.2,0.138,0.066,0.205,0.398,,6.7,14.8,3.3,8.6,3.6,4.1,0,0,1,0,0,0,1,0,-0.3783706212102639,-2.541058621210264,1.7843173787897362,-3.689986621210264,2.933245378789736
Nolan Traore,2025,19,19.06,75.0,175,,19.4,3.0,7.4,1.1,0.1,3.7,3.9,44.0,36.0,,,,,,0.41,0.314,0.38,0.323,0.711,0.47,0.507,30.4,1.41,1.91,15.4,105.7,114.5,,,,,,,0.353,,6.8,16.6,2.0,6.3,3.8,5.4,0,1,0,0,0,0,0,1,-1.037245822636631,-3.1999338226366314,1.1254421773633692,-4.348861822636631,2.2743701773633687
Kasparas Jakucionis,2025,20,19.06,78.0,205,79.75,16.9,6.4,5.3,1.0,0.3,3.0,4.2,33.0,36.0,35.0,10.99,2.82,3.22,99.5,0.44,0.318,0.501,0.496,0.845,0.519,0.59,24.2,1.07,1.27,17.4,112.1,105.2,4.0,2.6,6.6,0.084,0.057,0.141,0.369,,5.1,11.6,1.8,5.8,4.9,5.8,0,0,1,1,0,0,0,0,-0.3631886900801655,-2.5258766900801657,1.7994993099198346,-3.6748046900801654,2.9484273099198344
Will Riley,2025,21,19.36,81.5,186,80.75,17.7,5.8,3.1,0.4,0.4,1.7,1.7,35.0,36.0,32.0,11.73,3.08,3.21,104.0,0.432,0.326,0.401,0.323,0.724,0.497,0.532,23.8,0.68,1.86,17.4,118.0,108.2,4.8,1.7,6.5,0.102,0.044,0.147,0.353,,6.2,14.4,1.9,5.8,3.4,4.6,0,0,1,1,0,0,0,0,-1.3382025958677757,-3.5008905958677756,0.8244854041322245,-4.649818595867775,1.9734134041322242
Drake Powell,2025,22,19.78,78.5,200,84.0,10.5,4.8,1.5,1.0,1.0,2.5,1.0,37.0,36.0,43.0,10.71,2.79,3.07,103.0,0.483,0.379,0.45,0.256,0.648,0.569,0.581,13.8,0.51,1.48,12.9,118.0,107.9,2.8,3.3,6.1,0.059,0.046,0.106,0.336,,3.9,8.0,1.4,3.6,1.3,2.1,0,0,1,1,0,0,0,0,-0.6436720590467806,-2.8063600590467805,1.5190159409532196,-3.9552880590467803,2.6679439409532195
Asa Newell,2025,23,19.71,82.25,224,83.25,19.1,8.5,1.1,1.2,1.2,3.0,1.4,33.0,36.0,36.5,10.95,2.78,3.26,107.5,0.543,0.292,0.253,0.384,0.748,0.58,0.612,23.5,0.29,0.78,26.1,131.5,104.2,7.6,2.0,9.6,0.159,0.058,0.217,0.339,,7.2,13.2,1.0,3.3,3.8,5.1,0,0,1,1,0,0,0,0,0.16967298568311262,-1.9930150143168874,2.332360985683113,-3.141943014316887,3.4812889856831126
Nique Clifford,2025,24,23.36,78.5,202,80.0,19.2,9.8,4.5,1.2,0.6,2.5,2.6,36.0,36.0,35.5,10.87,2.96,3.07,102.5,0.496,0.377,0.365,0.373,0.777,0.565,0.603,27.7,0.97,1.72,25.1,119.2,96.1,7.2,3.8,11.1,0.129,0.091,0.22,0.361,,6.7,13.6,1.9,4.9,3.9,5.1,1,0,0,0,0,0,1,0,-0.9188945481012003,-3.0815825481012005,1.2437934518987999,-4.230510548101201,2.3927214518987996
Jase Richardson,2025,25,19.68,73.75,178,78.0,17.3,4.7,2.7,1.2,0.4,2.2,1.2,36.0,36.0,38.0,10.97,3.08,3.22,98.5,0.493,0.412,0.39,0.418,0.836,0.574,0.624,20.6,0.7,2.27,20.7,132.0,100.3,6.5,5.1,11.6,0.136,0.075,0.211,0.37,,5.7,11.5,1.9,4.5,4.0,4.8,0,0,1,1,0,0,0,0,0.22328776736952705,-1.9394002326304731,2.385975767369527,-3.088328232630473,3.534903767369527
Ben Saraf,2025,26,19.18,77.0,200,,18.5,4.3,6.3,1.7,0.4,3.4,4.1,60.0,36.0,,,,,,0.444,0.29,0.228,0.315,0.749,0.477,0.517,27.6,1.16,1.52,15.5,104.3,107.7,,,,,,,0.34,,6.9,15.6,1.0,3.5,3.7,4.9,0,1,0,0,0,0,0,1,-0.23839717499046434,-2.4010851749904645,1.9242908250095359,-3.550013174990464,3.0732188250095356
Danny Wolf,2025,27,21.13,83.75,252,86.25,15.6,11.5,4.2,0.8,1.6,2.4,3.8,37.0,36.0,30.0,11.26,2.91,3.51,109.0,0.497,0.336,0.302,0.356,0.594,0.548,0.559,24.2,0.94,1.1,19.4,105.7,96.1,4.3,5.2,9.5,0.053,0.089,0.145,0.324,,5.9,11.9,1.2,3.6,2.5,4.2,0,0,1,0,0,1,0,0,-0.3572317430068517,-2.519919743006852,1.8054562569931485,-3.6688477430068516,2.954384256993148
Hugo González,2025,28,19.37,78.0,207,,11.4,5.9,1.9,1.0,1.0,6.1,2.0,69.0,36.0,,,,,,0.408,0.284,0.449,0.337,0.758,0.472,0.517,17.0,0.49,0.95,9.8,104.6,108.2,,,,,,,0.345,,3.9,9.5,1.2,4.3,2.4,3.2,0,1,0,0,0,0,0,1,-0.7537507762416074,-2.9164387762416073,1.4089372237583928,-4.065366776241607,2.5578652237583928
Liam McNeeley,2025,29,19.69,80.0,215,80.5,16.3,6.7,2.5,0.6,0.2,2.2,2.1,27.0,36.0,36.5,11.11,2.75,3.16,99.5,0.381,0.317,0.468,0.41,0.866,0.455,0.529,25.6,0.51,1.22,16.1,112.5,107.1,2.6,0.8,3.4,0.083,0.051,0.134,0.373,,4.9,12.9,1.9,6.0,4.6,5.3,1,0,0,1,0,0,0,0,-1.0416798586665488,-3.204367858666549,1.1210081413334514,-4.353295858666549,2.269936141333451
Yanic Konan Niederhauser,2025,30,22.27,84.5,243,87.25,18.5,9.1,1.1,0.9,3.3,3.6,2.4,29.0,36.0,37.0,11.45,2.84,3.2,111.0,0.611,0.091,0.047,0.56,0.664,0.613,0.631,23.5,0.26,0.46,24.3,118.9,100.2,2.9,3.1,6.1,0.104,0.077,0.181,0.313,,7.1,11.6,0.0,0.5,4.3,6.5,0,0,1,0,0,1,0,0,-0.8620593519617148,-3.024747351961715,1.3006286480382854,-4.173675351961714,2.449556648038285
Rasheer Fleming,2025,31,20.95,81.5,232,89.25,16.9,9.8,1.4,1.6,1.8,2.9,1.8,35.0,36.0,32.5,10.95,2.72,3.24,109.0,0.531,0.39,0.449,0.285,0.743,0.619,0.638,21.2,0.4,0.81,24.1,123.9,95.0,4.5,3.1,7.7,0.11,0.095,0.205,0.36,,6.2,11.6,2.0,5.2,2.5,3.3,1,0,0,0,0,1,0,0,0.0352690144888015,-2.1274189855111985,2.197957014488802,-3.276346985511198,3.3468850144888016
Noah Penda,2025,32,20.45,79.0,225,,13.5,7.3,3.5,1.6,1.2,2.7,2.2,37.0,36.0,,,,,,0.447,0.322,0.395,0.423,0.667,0.51,0.542,18.4,0.83,1.62,16.2,115.9,110.0,,,,,,,0.335,,4.6,10.4,1.3,4.1,2.9,4.4,0,1,0,0,0,0,0,1,-0.767907922728241,-2.930595922728241,1.3947800772717591,-4.0795239227282405,2.543708077271759
Sion James,2025,33,22.54,77.75,218,78.5,12.1,5.9,4.2,1.2,0.4,2.9,1.7,39.0,36.0,39.5,10.91,2.93,2.97,100.0,0.516,0.413,0.346,0.461,0.81,0.588,0.635,16.2,1.17,2.45,17.9,131.1,96.8,4.3,4.9,9.3,0.116,0.088,0.205,0.355,,4.0,7.8,1.1,2.7,2.9,3.6,0,0,1,0,0,0,1,0,-0.40704250649267015,-2.5697305064926703,1.75564549350733,-3.71865850649267,2.9045734935073297
Ryan Kalkbrenner,2025,34,23.42,86.25,257,90.0,20.1,9.0,1.6,0.6,2.8,1.5,1.5,35.0,36.0,33.0,12.05,3.1,3.34,112.0,0.653,0.344,0.147,0.386,0.681,0.678,0.684,23.6,0.42,1.06,29.1,132.7,99.4,7.7,4.4,12.2,0.159,0.08,0.235,0.326,,8.1,12.4,0.6,1.8,3.3,4.8,0,0,1,0,0,0,1,0,-0.6678831929891845,-2.8305711929891846,1.4948048070108158,-3.9794991929891843,2.6437328070108155
Johni Broome,2025,35,22.92,82.5,249,84.25,22.1,12.9,3.4,1.1,2.5,2.5,1.9,36.0,36.0,28.0,11.52,3.23,3.37,108.5,0.51,0.278,0.174,0.39,0.587,0.534,0.547,30.4,0.64,1.82,30.9,121.7,94.8,9.6,4.7,14.3,0.154,0.096,0.25,0.315,,8.7,17.1,0.8,3.0,3.9,6.7,0,0,1,0,0,0,1,0,-0.6353690821583892,-2.7980570821583894,1.527318917841611,-3.946985082158389,2.6762469178416106
Adou Thiero,2025,36,21.12,79.5,218,84.0,19.7,7.6,2.5,2.1,1.0,3.3,2.2,27.0,36.0,,,,,104.5,0.545,0.256,0.17,0.692,0.686,0.567,0.605,25.8,0.54,1.11,25.1,120.6,99.2,5.9,4.7,10.6,0.124,0.081,0.205,0.322,,6.7,12.3,0.5,2.1,5.8,8.5,0,0,1,0,0,1,0,0,0.3145611439620471,-1.8481268560379531,2.477249143962047,-2.997054856037953,3.626177143962047
Chaz Lanier,2025,37,23.5,77.0,206,81.0,20.7,4.5,1.2,1.0,0.2,1.8,1.3,38.0,36.0,39.0,10.53,2.96,3.12,101.5,0.431,0.395,0.551,0.176,0.758,0.54,0.56,28.8,0.27,0.95,19.5,117.2,102.4,6.1,2.7,8.9,0.107,0.067,0.174,0.389,,7.3,17.0,3.7,9.4,2.3,3.0,0,0,1,0,0,0,1,0,-1.4152704742664703,-3.5779584742664703,0.7474175257335298,-4.72688647426647,1.8963455257335295
Kam Jones,2025,38,23.32,76.5,202,78.0,20.5,4.8,6.3,1.5,0.3,2.3,2.0,34.0,36.0,31.5,11.42,3.11,3.27,100.5,0.483,0.311,0.374,0.16,0.648,0.541,0.551,28.9,1.32,3.17,24.5,119.4,103.0,7.3,3.3,10.6,0.136,0.066,0.202,0.345,,8.3,17.3,2.0,6.5,1.8,2.8,0,0,1,0,0,0,1,0,-0.8812552902424727,-3.043943290242473,1.2814327097575275,-4.192871290242473,2.4303607097575273
Alijah Martin,2025,39,23.48,74.75,208,79.5,17.0,5.3,2.6,1.7,0.2,1.7,1.7,38.0,36.0,38.0,11.06,3.05,3.11,99.5,0.452,0.35,0.541,0.28,0.761,0.547,0.576,21.7,0.57,1.49,19.4,123.8,101.2,5.8,3.9,9.8,0.114,0.073,0.184,0.368,,5.9,13.0,2.5,7.0,2.8,3.6,0,0,1,0,0,0,1,0,-0.34027170471356266,-2.5029597047135628,1.8224162952864376,-3.6518877047135625,2.9713442952864373
Micah Peavy,2025,40,23.93,79.5,212,79.25,16.7,5.6,3.5,2.3,0.5,2.9,2.5,32.0,36.0,35.5,10.9,3.06,3.13,101.0,0.481,0.4,0.286,0.2,0.659,0.538,0.552,24.7,0.81,1.37,19.7,109.8,101.1,3.1,3.2,6.3,0.071,0.071,0.142,0.342,,6.7,13.8,1.6,4.0,1.8,2.8,0,0,1,0,0,0,1,0,-0.7137519189869035,-2.876439918986904,1.4489360810130967,-4.025367918986904,2.597864081013096
Koby Brea,2025,41,22.62,79.0,202,77.25,14.9,4.1,1.7,0.6,0.4,1.7,0.6,36.0,36.0,34.0,11.4,3.23,3.31,101.5,0.47,0.435,0.684,0.112,0.914,0.618,0.636,16.7,0.48,2.82,16.1,130.1,112.4,5.8,1.3,7.1,0.099,0.032,0.131,0.405,,5.2,11.2,3.3,7.6,1.1,1.2,0,0,1,0,0,0,1,0,-1.3181510434547026,-3.4808390434547025,0.8445369565452976,-4.629767043454702,1.9934649565452973
Maxime Raynaud,2025,42,22.2,85.5,237,85.25,21.7,11.4,1.8,0.9,1.5,2.2,2.6,35.0,36.0,31.5,11.31,3.16,3.23,110.0,0.467,0.347,0.343,0.263,0.77,0.527,0.558,31.5,0.38,0.69,25.6,112.2,101.9,6.2,0.8,7.0,0.102,0.068,0.171,0.363,,8.1,17.3,2.1,5.9,3.5,4.5,0,0,1,0,0,0,1,0,-1.1016737961198546,-3.2643617961198546,1.0610142038801456,-4.413289796119854,2.2099422038801455
Jamir Watkins,2025,43,23.96,78.25,215,83.25,21.5,6.6,2.8,1.4,0.6,3.7,3.1,32.0,36.0,37.0,11.19,3.21,3.14,102.5,0.427,0.321,0.398,0.59,0.747,0.49,0.555,31.1,0.52,0.88,20.4,109.3,103.5,4.0,1.6,5.6,0.085,0.065,0.149,0.357,,6.4,15.1,1.9,6.0,6.7,8.9,0,0,1,0,0,0,1,0,-1.19357579369613,-3.3562637936961304,0.9691122063038702,-4.50519179369613,2.1180402063038697
Brooks Barnhizer,2025,44,23.3,78.0,215,,16.7,8.6,4.1,2.2,1.1,1.7,2.7,17.0,36.0,,,,,,0.414,0.266,0.257,0.357,0.764,0.448,0.5,28.1,0.85,1.53,21.6,103.8,96.2,4.8,4.9,9.7,0.051,0.089,0.14,0.341,,5.9,14.3,1.0,3.7,3.9,5.1,0,0,1,0,0,0,1,0,-0.9754627155277268,-3.138150715527727,1.1872252844722735,-4.287078715527727,2.336153284472273
Rocco Zikarsky,2025,45,18.95,88.25,257,88.75,13.8,10.4,0.9,0.9,2.1,3.9,1.8,20.0,36.0,31.5,11.92,3.0,3.48,114.5,0.5,0.2,0.069,0.444,0.625,0.507,0.533,17.1,0.2,0.5,16.0,114.7,114.7,,,,,,,0.309,,5.3,10.7,0.1,0.7,3.0,4.7,0,1,0,0,0,0,0,1,-0.9218799730819113,-3.0845679730819113,1.240808026918089,-4.2334959730819115,2.3897360269180887
Amari Williams,2025,46,23.39,84.0,262,,17.2,13.4,5.0,0.9,1.9,3.5,3.6,36.0,36.0,,,,,,0.561,0.25,0.016,0.744,0.623,0.563,0.587,24.6,1.0,1.4,24.1,114.9,101.5,5.2,4.7,9.9,0.102,0.068,0.171,0.307,,6.1,10.8,0.0,0.2,5.0,8.0,0,0,1,0,0,0,1,0,-0.37045134055646395,-2.533139340556464,1.7922366594435362,-3.682067340556464,2.941164659443536
Bogoljub Marković,2025,47,19.94,83.0,190,,17.2,8.5,3.2,1.0,1.1,4.0,3.3,32.0,36.0,,,,,,0.546,0.388,0.301,0.482,0.765,0.605,0.642,21.8,0.73,0.95,18.1,114.6,107.0,,,,,,,0.35,,5.9,10.9,1.3,3.3,4.0,5.2,0,1,0,0,0,0,0,1,-0.2577013261244525,-2.420389326124453,1.9049866738755477,-3.5693173261244526,3.053914673875547
Javon Small,2025,48,22.5,74.25,190,76.75,18.5,4.1,5.6,1.5,0.3,1.5,2.7,32.0,36.0,40.5,10.74,2.87,3.07,96.0,0.418,0.353,0.537,0.379,0.88,0.513,0.576,28.2,1.24,2.07,22.3,115.4,100.4,7.0,3.6,10.6,0.114,0.076,0.187,0.387,,5.7,13.6,2.6,7.3,4.5,5.2,0,0,1,0,0,0,1,0,-0.24053850861690146,-2.4032265086169016,1.9221494913830988,-3.5521545086169013,3.0710774913830985
Tyrese Proctor,2025,49,21.22,77.5,183,79.25,14.9,3.6,2.7,0.9,0.1,2.3,1.3,38.0,36.0,36.5,10.75,3.0,3.19,100.5,0.452,0.405,0.603,0.205,0.68,0.574,0.587,20.1,0.64,2.12,16.1,123.1,100.6,4.4,3.1,7.4,0.102,0.074,0.176,0.364,,5.2,11.6,2.8,7.0,1.6,2.4,0,0,1,0,0,1,0,0,-0.7382096227199971,-2.9008976227199974,1.424478377280003,-4.049825622719997,2.5734063772800027
Kobe Sanders,2025,50,23.06,80.25,203,80.25,18.0,4.4,5.1,1.3,0.3,2.5,2.1,33.0,36.0,36.0,10.95,3.0,3.19,103.0,0.46,0.342,0.319,0.455,0.795,0.515,0.572,27.1,1.1,2.41,22.0,118.8,106.5,5.6,1.5,7.0,0.122,0.054,0.176,0.355,,6.0,13.0,1.4,4.1,4.7,5.9,1,0,0,0,0,0,1,0,-1.3394870096955944,-3.502175009695595,0.8232009903044057,-4.6511030096955945,1.9721289903044055
Mohamed Diawara,2025,51,20.14,80.0,200,,11.3,5.8,2.4,1.2,0.2,3.8,1.6,49.0,36.0,,,,,,0.439,0.282,0.42,0.267,0.557,0.498,0.508,16.1,0.63,1.52,10.4,106.9,107.7,,,,,,,0.317,,4.3,9.8,1.2,4.1,1.5,2.6,0,1,0,0,0,0,0,1,-0.663873582593149,-2.826561582593149,1.4988144174068512,-3.975489582593149,2.647742417406851
Alex Toohey,2025,52,21.13,81.0,223,82.75,17.4,5.8,2.1,2.2,1.2,2.6,1.7,32.0,36.0,31.5,11.38,2.9,3.2,104.5,0.465,0.34,0.342,0.375,0.738,0.524,0.562,20.4,0.46,1.23,17.7,114.9,109.2,,,,,,,0.349,,6.1,13.2,1.5,4.5,3.6,4.9,0,1,0,0,0,0,0,1,-0.8304260624585683,-2.9931140624585684,1.332261937541432,-4.142042062458568,2.4811899375414317
John Tonje,2025,53,24.16,78.0,212,81.0,22.6,6.1,2.1,0.8,0.3,2.0,2.1,37.0,36.0,37.0,11.14,3.21,3.2,102.5,0.465,0.388,0.499,0.579,0.909,0.562,0.647,28.0,0.42,0.99,24.8,128.2,105.2,8.6,2.4,11.0,0.163,0.056,0.222,0.392,,6.4,13.7,2.7,6.8,7.2,7.9,0,0,1,0,0,0,1,0,-0.7589738731972935,-2.9216618731972934,1.4037141268027067,-4.070589873197293,2.5526421268027066
Taelon Peter,2025,54,23.31,76.0,210,,21.7,6.4,1.6,1.5,0.2,3.2,1.0,35.0,36.0,,,,,,0.578,0.453,0.588,0.304,0.773,0.711,0.724,24.1,0.4,1.71,27.2,136.6,93.6,6.8,2.2,9.0,0.166,0.101,0.267,0.389,,7.6,13.1,3.5,7.7,3.1,4.0,1,0,0,0,0,0,1,0,-0.4920561338142852,-2.6547441338142854,1.670631866185715,-3.803672133814285,2.8195598661857146
Lachlan Olbrich,2025,55,21.47,82.0,230,83.25,19.1,8.2,3.7,1.0,1.0,5.0,2.1,40.0,36.0,31.0,11.9,3.0,3.45,107.5,0.619,0.2,0.063,0.452,0.546,0.626,0.617,19.9,0.73,1.75,20.2,125.5,112.5,,,,,,,0.299,,7.9,12.8,0.2,0.8,3.2,5.8,0,1,0,0,0,0,0,1,-0.6961491481920223,-2.8588371481920225,1.4665388518079778,-4.007765148192022,2.6154668518079776
Will Richard,2025,56,22.49,76.0,206,,15.1,5.2,2.1,1.9,0.4,2.6,1.8,40.0,36.0,,,,,,0.487,0.359,0.587,0.253,0.844,0.592,0.624,18.3,0.54,1.19,18.3,126.8,100.3,4.9,4.7,9.6,0.104,0.076,0.18,0.377,,5.3,10.8,2.3,6.3,2.3,2.7,0,0,1,0,0,0,1,0,-0.12730024923081507,-2.2899882492308152,2.035387750769185,-3.438916249230815,3.184315750769185
Max Shulga,2025,57,22.99,77.5,206,77.75,16.5,6.4,4.4,1.9,0.1,2.2,1.9,35.0,36.0,34.5,11.35,3.06,3.21,99.0,0.435,0.387,0.528,0.537,0.783,0.537,0.595,21.9,1.05,2.36,23.2,130.4,94.8,5.8,3.6,9.4,0.15,0.094,0.244,0.369,,4.8,11.0,2.3,5.8,4.6,5.9,1,0,0,0,0,0,1,0,-0.43615298838031713,-2.598840988380317,1.7265350116196831,-3.747768988380317,2.875463011619683
Saliou Niang,2025,58,21.1,77.0,190,,14.2,9.3,2.7,1.3,0.3,4.5,3.6,54.0,36.0,,,,,,0.513,0.314,0.114,0.484,0.696,0.531,0.569,20.3,0.59,0.74,13.9,104.8,107.3,,,,,,,0.323,,5.2,10.2,0.4,1.2,3.4,4.9,0,1,0,0,0,0,0,1,-0.9551460145577545,-3.1178340145577548,1.2075419854422456,-4.266762014557754,2.3564699854422453
Jahmai Mashack,2025,59,22.61,76.0,202,,7.7,5.4,1.9,2.2,0.7,2.9,1.2,38.0,36.0,,,,,,0.454,0.351,0.35,0.509,0.723,0.515,0.563,11.6,0.81,1.63,13.8,120.0,97.3,1.2,7.0,8.2,0.056,0.086,0.142,0.333,,2.5,5.5,0.7,1.9,2.0,2.8,0,0,1,0,0,0,1,0,-0.6403167103076388,-2.803004710307639,1.5223712896923614,-3.9519327103076387,2.671299289692361
Eric Dixon,2025,61,24.4,80.75,259,83.5,24.1,5.3,2.0,0.9,0.3,2.1,2.2,35.0,36.0,32.5,11.56,3.09,3.41,104.0,0.451,0.407,0.424,0.358,0.813,0.537,0.583,34.7,0.38,0.89,25.7,119.5,109.9,8.3,0.1,8.5,0.154,0.039,0.194,0.386,,8.0,17.6,3.0,7.5,5.1,6.3,0,0,1,0,0,0,1,0,-1.7519877939165551,-3.9146757939165555,0.41070020608344504,-5.063603793916555,1.5596282060834448
Viktor Lakhin,2025,61,23.89,83.0,245,,17.4,9.7,2.3,1.6,2.2,4.3,2.3,34.0,36.0,,,,,,0.507,0.375,0.216,0.311,0.696,0.547,0.571,25.7,0.52,1.0,25.1,117.1,93.4,4.4,4.4,8.8,0.11,0.1,0.209,0.337,,6.7,13.3,1.1,2.9,2.9,4.1,0,0,1,0,0,0,1,0,-1.0966960152143599,-3.2593840152143603,1.0659919847856403,-4.40831201521436,2.21491998478564
Caleb Love,2025,61,23.73,76.0,195,,18.2,4.7,3.6,1.2,0.3,1.3,2.1,37.0,36.0,,,,,,0.398,0.34,0.535,0.234,0.889,0.489,0.534,25.8,0.71,1.76,17.7,114.4,107.3,5.3,2.1,7.5,0.089,0.051,0.14,0.391,,6.1,15.4,2.8,8.2,3.2,3.6,0,0,1,0,0,0,1,0,-1.3624014442876011,-3.5250894442876013,0.800286555712399,-4.6740174442876015,1.9492145557123988
RJ Luis Jr.,2025,61,22.56,79.0,210,82.5,20.6,8.1,2.3,1.6,0.6,2.5,2.5,35.0,36.0,38.0,11.24,2.98,3.13,103.5,0.439,0.336,0.262,0.341,0.747,0.483,0.525,28.9,0.43,0.93,21.3,111.4,92.8,4.7,4.0,8.6,0.09,0.101,0.19,0.35,,7.4,16.9,1.5,4.4,4.3,5.8,1,0,0,0,0,1,0,0,-1.2575260441721832,-3.4202140441721833,0.905161955827817,-4.5691420441721835,2.0540899558278167
Grant Nelson,2025,61,23.26,83.25,230,84.0,16.3,10.7,2.3,0.7,1.7,3.8,2.6,37.0,36.0,30.0,10.51,2.58,3.23,109.0,0.522,0.258,0.315,0.468,0.667,0.563,0.588,20.7,0.5,0.88,18.5,115.3,104.3,3.5,3.9,7.4,0.081,0.06,0.141,0.326,,5.9,11.3,0.9,3.6,3.5,5.3,0,0,1,0,0,0,1,0,-1.0403115399732934,-3.202999539973294,1.1223764600267068,-4.3519275399732935,2.2713044600267063
Izan Almansa,2025,61,20.04,82.5,220,85.75,16.0,9.0,1.7,0.9,0.7,3.7,1.2,36.0,36.0,34.0,11.46,2.93,3.33,109.5,0.52,0.304,0.114,0.347,0.586,0.537,0.548,18.1,0.39,1.4,16.1,119.4,116.6,,,,,,,0.308,,6.5,12.6,0.4,1.4,2.5,4.4,0,1,0,0,0,0,0,1,-1.2403170242981858,-3.403005024298186,0.9223709757018144,-4.551933024298186,2.071298975701814
Chucky Hepburn,2025,61,22.36,74.0,190,,16.9,3.6,6.0,2.5,0.1,2.8,3.1,34.0,36.0,,,,,,0.432,0.328,0.5,0.5,0.844,0.514,0.586,24.4,1.28,1.92,20.9,118.2,99.5,4.5,4.8,9.3,0.111,0.078,0.193,0.37,,5.0,11.7,1.9,5.8,4.9,5.8,0,0,1,0,0,0,1,0,0.2078147360185765,-1.9548732639814237,2.370502736018577,-3.103801263981423,3.5194307360185766
Dink Pate,2025,61,19.28,79.5,201,81.75,13.5,6.9,2.5,0.8,0.1,2.7,2.3,34.0,36.0,32.5,10.63,2.97,3.29,104.0,0.407,0.258,0.361,0.13,0.581,0.453,0.485,20.4,0.52,1.09,8.1,,,,,,-0.083,0.048,-0.031,0.32,,5.3,13.1,1.2,4.7,1.0,1.7,0,1,0,0,0,0,0,1,-0.7035917159018458,-2.866279715901846,1.4590962840981545,-4.0152077159018456,2.6080242840981542
Wooga Poplar,2025,61,22.45,77.0,197,,17.2,7.9,1.7,1.4,0.3,2.5,2.0,36.0,36.0,,,,,,0.46,0.387,0.434,0.266,0.856,0.544,0.584,25.4,0.38,0.82,20.8,115.3,103.3,4.2,2.1,6.3,0.094,0.063,0.157,0.378,,6.0,13.1,2.2,5.7,3.0,3.5,0,0,1,0,0,0,1,0,-1.124140772576972,-3.286828772576972,1.038547227423028,-4.435756772576972,2.187475227423028
Coleman Hawkins,2025,61,23.53,81.5,215,84.0,11.5,7.4,4.6,1.9,1.4,2.7,3.1,30.0,36.0,29.5,12.05,3.21,3.3,107.0,0.401,0.303,0.398,0.261,0.577,0.462,0.478,21.3,1.14,1.5,15.3,96.6,99.0,1.8,4.3,6.1,0.012,0.079,0.091,0.322,,4.3,10.7,1.3,4.2,1.6,2.8,0,0,1,0,0,0,1,0,-1.1257664138071848,-3.2884544138071847,1.0369215861928154,-4.4373824138071845,2.1858495861928153
Arthur Kaluma,2025,61,23.3,79.25,222,,15.1,9.2,2.2,1.2,1.1,2.6,1.9,33.0,36.0,,,,,,0.462,0.359,0.302,0.38,0.784,0.516,0.564,21.8,0.54,1.15,20.0,115.5,102.2,4.5,3.1,7.6,0.087,0.066,0.153,0.351,,5.3,11.4,1.2,3.4,3.4,4.3,0,0,1,0,0,0,1,0,-1.034750356916409,-3.1974383569164093,1.1279376430835912,-4.346366356916409,2.2768656430835907
Brice Williams,2025,61,23.96,78.5,206,82.75,21.5,4.3,3.0,1.1,0.3,1.9,2.5,35.0,36.0,32.5,11.19,2.98,3.2,103.0,0.471,0.37,0.38,0.442,0.883,0.541,0.609,28.7,0.63,1.2,22.4,118.5,107.5,6.2,1.8,8.0,0.124,0.05,0.171,0.379,,6.9,14.6,2.1,5.6,5.7,6.5,0,0,1,0,0,0,1,0,-1.6406309652816415,-3.8033189652816417,0.5220570347183586,-4.952246965281642,1.6709850347183584
Hunter Sallis,2025,61,22.24,77.0,181,82.0,18.3,5.1,2.8,1.2,0.5,2.3,2.4,32.0,36.0,37.5,10.99,2.94,3.22,100.0,0.457,0.277,0.335,0.32,0.804,0.503,0.549,27.7,0.65,1.15,18.8,107.6,102.5,3.2,2.4,5.6,0.066,0.066,0.132,0.353,,6.6,14.5,1.3,4.9,3.7,4.6,0,0,1,0,0,0,1,0,-0.9913202290538364,-3.1540082290538365,1.1713677709461638,-4.302936229053836,2.3202957709461636
Andre Curbelo,2025,61,23.68,73.0,175,,14.5,5.3,6.9,2.8,0.4,3.9,5.0,20.0,36.0,,,,,,0.421,0.357,0.153,0.224,0.756,0.448,0.482,27.1,1.49,1.39,14.2,89.9,102.1,-3.7,0.4,-3.2,-0.025,0.066,0.049,0.339,,5.7,13.6,0.7,2.1,2.3,3.0,1,0,0,0,0,0,1,0,-1.0226641236528822,-3.1853521236528826,1.140023876347118,-4.334280123652882,2.2889518763471175
Kadary Richmond,2025,61,23.82,77.0,180,,13.9,7.1,5.9,2.2,1.0,2.2,2.2,36.0,36.0,,,,,,0.487,0.175,0.102,0.281,0.536,0.496,0.504,20.9,1.41,2.69,20.3,111.0,90.1,3.2,6.9,10.1,0.069,0.113,0.182,0.292,,5.9,12.1,0.2,1.2,1.8,3.4,1,0,0,0,0,0,1,0,-0.5949769390859129,-2.757664939085913,1.5677110609140872,-3.906592939085913,2.716639060914087
Mark Sears,2025,61,23.33,72.0,183,74.0,20.8,3.3,5.7,1.0,0.1,1.7,3.0,37.0,36.0,37.5,10.96,3.25,3.28,92.5,0.403,0.345,0.526,0.478,0.844,0.494,0.567,26.9,0.98,1.92,18.9,119.4,112.3,6.0,1.2,7.1,0.124,0.03,0.154,0.384,,6.0,15.0,2.7,7.9,6.0,7.1,0,0,1,0,0,0,1,0,-1.5792361081123436,-3.741924108112344,0.5834518918876566,-4.890852108112344,1.7323798918876563
Vladislav Goldin,2025,61,24.11,85.25,253,89.25,21.7,9.2,1.4,0.7,1.8,2.6,3.0,37.0,36.0,30.0,11.76,2.95,3.53,111.0,0.607,0.333,0.09,0.598,0.731,0.622,0.654,26.7,0.32,0.47,25.7,121.5,100.0,6.6,3.8,10.4,0.13,0.075,0.204,0.329,,7.8,12.9,0.4,1.2,5.7,7.7,0,0,1,0,0,0,1,0,-1.1934798316918076,-3.356167831691808,0.9692081683081926,-4.505095831691808,2.118136168308192
Ryan Nembhard,2025,61,22.28,72.25,176,74.25,10.8,3.0,10.1,1.8,0.1,1.6,2.5,35.0,36.0,32.5,11.5,2.88,3.22,94.0,0.446,0.404,0.318,0.294,0.77,0.51,0.547,17.0,2.44,4.0,18.0,121.2,101.8,5.0,3.1,8.1,0.101,0.068,0.169,0.349,,3.9,8.7,1.1,2.8,2.0,2.6,1,0,0,0,0,0,1,0,-0.9398257368863263,-3.1025137368863263,1.2228622631136739,-4.251441736886326,2.371790263113674
Tyrese Hunter,2025,61,21.86,72.0,180,,14.4,4.1,3.8,1.6,0.2,1.7,2.4,32.0,36.0,,,,,,0.415,0.401,0.517,0.264,0.774,0.518,0.552,20.6,0.91,1.58,15.4,113.0,106.0,3.1,1.7,4.8,0.07,0.055,0.125,0.371,,4.8,11.6,2.4,6.0,2.4,3.1,1,0,0,0,0,0,1,0,-1.328111456720902,-3.490799456720902,0.8345765432790981,-4.639727456720902,1.9835045432790979
Tamar Bates,2025,61,22.33,77.0,191,82.25,18.4,3.6,1.4,1.8,0.2,2.4,1.8,34.0,36.0,33.5,10.75,2.99,3.26,103.0,0.508,0.397,0.427,0.3,0.946,0.593,0.643,22.1,0.34,0.77,20.4,126.9,109.0,5.8,2.0,7.8,0.122,0.041,0.168,0.389,,6.4,12.5,2.1,5.3,3.5,3.8,1,0,0,0,0,0,1,0,-0.8520461558236361,-3.0147341558236365,1.310641844176364,-4.163662155823636,2.4595698441763636
Payton Sandfort,2025,61,22.94,79.5,212,80.0,18.9,6.8,3.2,0.9,0.8,3.0,2.0,33.0,36.0,28.0,11.57,2.84,3.43,104.0,0.407,0.34,0.544,0.242,0.891,0.5,0.545,26.9,0.57,1.61,18.5,111.0,111.8,4.2,0.2,4.4,0.08,0.034,0.114,0.393,,6.3,15.5,2.9,8.4,3.3,3.8,0,0,1,0,0,0,1,0,-1.6198014617033916,-3.782489461703392,0.5428865382966086,-4.931417461703392,1.6918145382966083
Kobe Johnson,2025,61,22.43,78.0,200,,9.9,7.4,3.7,2.0,0.3,3.5,1.8,34.0,36.0,,,,,,0.464,0.362,0.502,0.258,0.704,0.555,0.575,15.0,1.19,2.0,16.4,118.0,96.9,3.3,5.0,8.3,0.073,0.085,0.158,0.343,,3.5,7.6,1.4,3.8,1.4,2.0,1,0,0,0,0,0,1,0,-0.49807085212653346,-2.6607588521265337,1.6646171478734666,-3.8096868521265335,2.8135451478734663
Jaxson Robinson,2025,61,22.55,78.0,189,83.25,16.7,4.5,2.2,0.7,0.6,2.4,1.2,24.0,36.0,34.0,11.39,3.06,3.17,103.0,0.432,0.376,0.642,0.148,0.763,0.553,0.569,21.4,0.5,1.86,16.1,116.7,111.6,4.6,0.9,5.5,0.083,0.036,0.119,0.383,,5.9,13.7,3.3,8.8,1.5,2.0,0,0,1,0,0,0,1,0,-1.5733121505731544,-3.7360001505731546,0.5893758494268457,-4.884928150573154,1.7383038494268455
Matthew Cleveland,2025,61,22.76,79.0,200,,20.9,5.3,2.0,0.9,1.0,1.6,1.6,29.0,36.0,,,,,,0.511,0.382,0.249,0.399,0.776,0.559,0.6,27.3,0.44,1.32,24.7,122.6,120.5,6.9,-1.3,5.6,0.137,0.0,0.137,0.354,,7.5,14.7,1.4,3.6,4.5,5.9,0,0,1,0,0,0,1,0,-1.9230841190981163,-4.085772119098117,0.2396038809018839,-5.234700119098116,1.3885318809018836
